
--Paises
INSERT INTO "ADMPRO"."COUNTRY" (Id,name) VALUES (0,'ANGOLA');
INSERT INTO "ADMPRO"."COUNTRY" (Id,name) VALUES (1,'ARGELIA');
INSERT INTO "ADMPRO"."COUNTRY" (Id,name) VALUES (2,'BENIN');
INSERT INTO "ADMPRO"."COUNTRY" (Id,name) VALUES (3,'BOTSUANA');
INSERT INTO "ADMPRO"."COUNTRY" (Id,name) VALUES (4,'BURKINA FASO');
INSERT INTO "ADMPRO"."COUNTRY" (Id,name) VALUES (5,'BURUNDI');
INSERT INTO "ADMPRO"."COUNTRY" (Id,name) VALUES (6,'CABO VERDE');
INSERT INTO "ADMPRO"."COUNTRY" (Id,name) VALUES (7,'CAMERÚN');
INSERT INTO "ADMPRO"."COUNTRY" (Id,name) VALUES (8,'CHAD');
INSERT INTO "ADMPRO"."COUNTRY" (Id,name) VALUES (9,'COMORAS');
INSERT INTO "ADMPRO"."COUNTRY" (Id,name) VALUES (10,'COSTA DE MARFIL');
INSERT INTO "ADMPRO"."COUNTRY" (Id,name) VALUES (11,'EGIPTO');
INSERT INTO "ADMPRO"."COUNTRY" (Id,name) VALUES (12,'ERITREA');
INSERT INTO "ADMPRO"."COUNTRY" (Id,name) VALUES (13,'ETIOPÍA');
INSERT INTO "ADMPRO"."COUNTRY" (Id,name) VALUES (14,'GABÓN');
INSERT INTO "ADMPRO"."COUNTRY" (Id,name) VALUES (15,'GAMBIA');
INSERT INTO "ADMPRO"."COUNTRY" (Id,name) VALUES (16,'GHANA');
INSERT INTO "ADMPRO"."COUNTRY" (Id,name) VALUES (17,'GUINEA');
INSERT INTO "ADMPRO"."COUNTRY" (Id,name) VALUES (18,'GUINEA ECUATORIAL');
INSERT INTO "ADMPRO"."COUNTRY" (Id,name) VALUES (19,'GUINEA-BISSAU');
INSERT INTO "ADMPRO"."COUNTRY" (Id,name) VALUES (20,'KENIA');
INSERT INTO "ADMPRO"."COUNTRY" (Id,name) VALUES (21,'LESOTO');
INSERT INTO "ADMPRO"."COUNTRY" (Id,name) VALUES (22,'LIBERIA');
INSERT INTO "ADMPRO"."COUNTRY" (Id,name) VALUES (23,'LIBIA');
INSERT INTO "ADMPRO"."COUNTRY" (Id,name) VALUES (24,'MADAGASCAR');
INSERT INTO "ADMPRO"."COUNTRY" (Id,name) VALUES (25,'MALAUI');
INSERT INTO "ADMPRO"."COUNTRY" (Id,name) VALUES (26,'MALI');
INSERT INTO "ADMPRO"."COUNTRY" (Id,name) VALUES (27,'MARRUECOS');
INSERT INTO "ADMPRO"."COUNTRY" (Id,name) VALUES (28,'MAURICIO');
INSERT INTO "ADMPRO"."COUNTRY" (Id,name) VALUES (29,'MAURITANIA');
INSERT INTO "ADMPRO"."COUNTRY" (Id,name) VALUES (30,'MOZAMBIQUE');
INSERT INTO "ADMPRO"."COUNTRY" (Id,name) VALUES (31,'NAMIBIA');
INSERT INTO "ADMPRO"."COUNTRY" (Id,name) VALUES (32,'NÍGER');
INSERT INTO "ADMPRO"."COUNTRY" (Id,name) VALUES (33,'NIGERIA');
INSERT INTO "ADMPRO"."COUNTRY" (Id,name) VALUES (34,'REPÚBLICA CENTROAFRICANA');
INSERT INTO "ADMPRO"."COUNTRY" (Id,name) VALUES (35,'REPÚBLICA DEL CONGO');
INSERT INTO "ADMPRO"."COUNTRY" (Id,name) VALUES (36,'REPÚBLICA DEMOCRÁTICA DEL CONGO');
INSERT INTO "ADMPRO"."COUNTRY" (Id,name) VALUES (37,'REPÚBLICA SAHARAUI');
INSERT INTO "ADMPRO"."COUNTRY" (Id,name) VALUES (38,'RUANDA');
INSERT INTO "ADMPRO"."COUNTRY" (Id,name) VALUES (39,'SANTO TOMÉ Y PRÍNCIPE');
INSERT INTO "ADMPRO"."COUNTRY" (Id,name) VALUES (40,'SENEGAL');
INSERT INTO "ADMPRO"."COUNTRY" (Id,name) VALUES (41,'SEYCHELLES');
INSERT INTO "ADMPRO"."COUNTRY" (Id,name) VALUES (42,'SIERRA LEONA');
INSERT INTO "ADMPRO"."COUNTRY" (Id,name) VALUES (43,'SOMALIA');
INSERT INTO "ADMPRO"."COUNTRY" (Id,name) VALUES (44,'SUAZILANDIA');
INSERT INTO "ADMPRO"."COUNTRY" (Id,name) VALUES (45,'SUDÁFRICA');
INSERT INTO "ADMPRO"."COUNTRY" (Id,name) VALUES (46,'SUDÁN DEL NORTE');
INSERT INTO "ADMPRO"."COUNTRY" (Id,name) VALUES (47,'SUDÁN DEL SUR');
INSERT INTO "ADMPRO"."COUNTRY" (Id,name) VALUES (48,'TANZANIA');
INSERT INTO "ADMPRO"."COUNTRY" (Id,name) VALUES (49,'TOGO');
INSERT INTO "ADMPRO"."COUNTRY" (Id,name) VALUES (50,'TÚNEZ');
INSERT INTO "ADMPRO"."COUNTRY" (Id,name) VALUES (51,'UGANDA');
INSERT INTO "ADMPRO"."COUNTRY" (Id,name) VALUES (52,'YIBUTI');
INSERT INTO "ADMPRO"."COUNTRY" (Id,name) VALUES (53,'ZAMBIA');
INSERT INTO "ADMPRO"."COUNTRY" (Id,name) VALUES (54,'ZIMBABUE');
INSERT INTO "ADMPRO"."COUNTRY" (Id,name) VALUES (55,'ANTIGUA Y BARBUDA');
INSERT INTO "ADMPRO"."COUNTRY" (Id,name) VALUES (56,'ARGENTINA');
INSERT INTO "ADMPRO"."COUNTRY" (Id,name) VALUES (57,'BAHAMAS');
INSERT INTO "ADMPRO"."COUNTRY" (Id,name) VALUES (58,'BARBADOS');
INSERT INTO "ADMPRO"."COUNTRY" (Id,name) VALUES (59,'BELICE');
INSERT INTO "ADMPRO"."COUNTRY" (Id,name) VALUES (60,'BOLIVIA');
INSERT INTO "ADMPRO"."COUNTRY" (Id,name) VALUES (61,'BRASIL');
INSERT INTO "ADMPRO"."COUNTRY" (Id,name) VALUES (62,'CANADÁ');
INSERT INTO "ADMPRO"."COUNTRY" (Id,name) VALUES (63,'CHILE');
INSERT INTO "ADMPRO"."COUNTRY" (Id,name) VALUES (64,'COLOMBIA');
INSERT INTO "ADMPRO"."COUNTRY" (Id,name) VALUES (65,'COSTA RICA');
INSERT INTO "ADMPRO"."COUNTRY" (Id,name) VALUES (66,'CUBA');
INSERT INTO "ADMPRO"."COUNTRY" (Id,name) VALUES (67,'DOMINICA');
INSERT INTO "ADMPRO"."COUNTRY" (Id,name) VALUES (68,'ECUADOR');
INSERT INTO "ADMPRO"."COUNTRY" (Id,name) VALUES (69,'EL SALVADOR');
INSERT INTO "ADMPRO"."COUNTRY" (Id,name) VALUES (70,'ESTADOS UNIDOS');
INSERT INTO "ADMPRO"."COUNTRY" (Id,name) VALUES (71,'GRANADA');
INSERT INTO "ADMPRO"."COUNTRY" (Id,name) VALUES (72,'GUATEMALA');
INSERT INTO "ADMPRO"."COUNTRY" (Id,name) VALUES (73,'GUYANA');
INSERT INTO "ADMPRO"."COUNTRY" (Id,name) VALUES (74,'HAITÍ');
INSERT INTO "ADMPRO"."COUNTRY" (Id,name) VALUES (75,'HONDURAS');
INSERT INTO "ADMPRO"."COUNTRY" (Id,name) VALUES (76,'JAMAICA');
INSERT INTO "ADMPRO"."COUNTRY" (Id,name) VALUES (77,'MÉXICO');
INSERT INTO "ADMPRO"."COUNTRY" (Id,name) VALUES (78,'NICARAGUA');
INSERT INTO "ADMPRO"."COUNTRY" (Id,name) VALUES (79,'PANAMÁ');
INSERT INTO "ADMPRO"."COUNTRY" (Id,name) VALUES (80,'PARAGUAY');
INSERT INTO "ADMPRO"."COUNTRY" (Id,name) VALUES (81,'PERÚ');
INSERT INTO "ADMPRO"."COUNTRY" (Id,name) VALUES (82,'PUERTO RICO');
INSERT INTO "ADMPRO"."COUNTRY" (Id,name) VALUES (83,'REPÚBLICA DOMINICANA');
INSERT INTO "ADMPRO"."COUNTRY" (Id,name) VALUES (84,'SAN CRISTÓBAL Y NIEVES');
INSERT INTO "ADMPRO"."COUNTRY" (Id,name) VALUES (85,'SAN VICENTE Y LAS GRANADINAS');
INSERT INTO "ADMPRO"."COUNTRY" (Id,name) VALUES (86,'SANTA LUCÍA');
INSERT INTO "ADMPRO"."COUNTRY" (Id,name) VALUES (87,'SURINAM');
INSERT INTO "ADMPRO"."COUNTRY" (Id,name) VALUES (88,'TRINIDAD Y TOBAGO');
INSERT INTO "ADMPRO"."COUNTRY" (Id,name) VALUES (89,'URUGUAY');
INSERT INTO "ADMPRO"."COUNTRY" (Id,name) VALUES (90,'VENEZUELA');
INSERT INTO "ADMPRO"."COUNTRY" (Id,name) VALUES (91,'AFGANISTÁN');
INSERT INTO "ADMPRO"."COUNTRY" (Id,name) VALUES (92,'ARABIA SAUDITA');
INSERT INTO "ADMPRO"."COUNTRY" (Id,name) VALUES (93,'BANGLADÉS');
INSERT INTO "ADMPRO"."COUNTRY" (Id,name) VALUES (94,'BARÉIN');
INSERT INTO "ADMPRO"."COUNTRY" (Id,name) VALUES (95,'BRUNEI');
INSERT INTO "ADMPRO"."COUNTRY" (Id,name) VALUES (96,'BUTÁN');
INSERT INTO "ADMPRO"."COUNTRY" (Id,name) VALUES (97,'CAMBOYA');
INSERT INTO "ADMPRO"."COUNTRY" (Id,name) VALUES (98,'CATAR');
INSERT INTO "ADMPRO"."COUNTRY" (Id,name) VALUES (99,'CHINA');
INSERT INTO "ADMPRO"."COUNTRY" (Id,name) VALUES (100,'CHIPRE');
INSERT INTO "ADMPRO"."COUNTRY" (Id,name) VALUES (101,'COREA DEL NORTE');
INSERT INTO "ADMPRO"."COUNTRY" (Id,name) VALUES (102,'COREA DEL SUR');
INSERT INTO "ADMPRO"."COUNTRY" (Id,name) VALUES (103,'EMIRATOS ARABES UNIDOS');
INSERT INTO "ADMPRO"."COUNTRY" (Id,name) VALUES (104,'FILIPINAS');
INSERT INTO "ADMPRO"."COUNTRY" (Id,name) VALUES (105,'INDIA');
INSERT INTO "ADMPRO"."COUNTRY" (Id,name) VALUES (106,'INDONESIA');
INSERT INTO "ADMPRO"."COUNTRY" (Id,name) VALUES (107,'IRÁN');
INSERT INTO "ADMPRO"."COUNTRY" (Id,name) VALUES (108,'IRAQ');
INSERT INTO "ADMPRO"."COUNTRY" (Id,name) VALUES (109,'ISRAEL');
INSERT INTO "ADMPRO"."COUNTRY" (Id,name) VALUES (110,'JAPÓN');
INSERT INTO "ADMPRO"."COUNTRY" (Id,name) VALUES (111,'JORDANIA');
INSERT INTO "ADMPRO"."COUNTRY" (Id,name) VALUES (112,'KAZAJISTÁN');
INSERT INTO "ADMPRO"."COUNTRY" (Id,name) VALUES (113,'KIRGUISTÁN');
INSERT INTO "ADMPRO"."COUNTRY" (Id,name) VALUES (114,'KUWAIT');
INSERT INTO "ADMPRO"."COUNTRY" (Id,name) VALUES (115,'LAOS');
INSERT INTO "ADMPRO"."COUNTRY" (Id,name) VALUES (116,'LÍBANO');
INSERT INTO "ADMPRO"."COUNTRY" (Id,name) VALUES (117,'MALASIA');
INSERT INTO "ADMPRO"."COUNTRY" (Id,name) VALUES (118,'MALDIVAS');
INSERT INTO "ADMPRO"."COUNTRY" (Id,name) VALUES (119,'MONGOLIA');
INSERT INTO "ADMPRO"."COUNTRY" (Id,name) VALUES (120,'MYANMAR (BIRMANIA)');
INSERT INTO "ADMPRO"."COUNTRY" (Id,name) VALUES (121,'NEPAL');
INSERT INTO "ADMPRO"."COUNTRY" (Id,name) VALUES (122,'OMÁN');
INSERT INTO "ADMPRO"."COUNTRY" (Id,name) VALUES (123,'PAKISTÁN');
INSERT INTO "ADMPRO"."COUNTRY" (Id,name) VALUES (124,'PALESTINA');
INSERT INTO "ADMPRO"."COUNTRY" (Id,name) VALUES (125,'SINGAPUR');
INSERT INTO "ADMPRO"."COUNTRY" (Id,name) VALUES (126,'SIRIA');
INSERT INTO "ADMPRO"."COUNTRY" (Id,name) VALUES (127,'SRI LANKA');
INSERT INTO "ADMPRO"."COUNTRY" (Id,name) VALUES (128,'TAILANDIA');
INSERT INTO "ADMPRO"."COUNTRY" (Id,name) VALUES (129,'TAIWAN');
INSERT INTO "ADMPRO"."COUNTRY" (Id,name) VALUES (130,'TAYIKISTÁN');
INSERT INTO "ADMPRO"."COUNTRY" (Id,name) VALUES (131,'TIMOR ORIENTAL');
INSERT INTO "ADMPRO"."COUNTRY" (Id,name) VALUES (132,'TURKMENISTÁN');
INSERT INTO "ADMPRO"."COUNTRY" (Id,name) VALUES (133,'TURQUÍA');
INSERT INTO "ADMPRO"."COUNTRY" (Id,name) VALUES (134,'UZBEKISTÁN');
INSERT INTO "ADMPRO"."COUNTRY" (Id,name) VALUES (135,'VIETNAM');
INSERT INTO "ADMPRO"."COUNTRY" (Id,name) VALUES (136,'YEMEN');
INSERT INTO "ADMPRO"."COUNTRY" (Id,name) VALUES (137,'ALBANIA');
INSERT INTO "ADMPRO"."COUNTRY" (Id,name) VALUES (138,'ALEMANIA');
INSERT INTO "ADMPRO"."COUNTRY" (Id,name) VALUES (139,'ANDORRA');
INSERT INTO "ADMPRO"."COUNTRY" (Id,name) VALUES (140,'ARMENIA');
INSERT INTO "ADMPRO"."COUNTRY" (Id,name) VALUES (141,'AUSTRIA');
INSERT INTO "ADMPRO"."COUNTRY" (Id,name) VALUES (142,'AZERBAIYÁN');
INSERT INTO "ADMPRO"."COUNTRY" (Id,name) VALUES (143,'BÉLGICA');
INSERT INTO "ADMPRO"."COUNTRY" (Id,name) VALUES (144,'BIELORRUSIA');
INSERT INTO "ADMPRO"."COUNTRY" (Id,name) VALUES (145,'BOSNIA Y HERZEGOVINA');
INSERT INTO "ADMPRO"."COUNTRY" (Id,name) VALUES (146,'BULGARIA');
INSERT INTO "ADMPRO"."COUNTRY" (Id,name) VALUES (147,'CROACIA');
INSERT INTO "ADMPRO"."COUNTRY" (Id,name) VALUES (148,'DINAMARCA');
INSERT INTO "ADMPRO"."COUNTRY" (Id,name) VALUES (149,'ESLOVAQUIA');
INSERT INTO "ADMPRO"."COUNTRY" (Id,name) VALUES (150,'ESLOVENIA');
INSERT INTO "ADMPRO"."COUNTRY" (Id,name) VALUES (151,'ESPAÑA');
INSERT INTO "ADMPRO"."COUNTRY" (Id,name) VALUES (152,'ESTONIA');
INSERT INTO "ADMPRO"."COUNTRY" (Id,name) VALUES (153,'FINLANDIA');
INSERT INTO "ADMPRO"."COUNTRY" (Id,name) VALUES (154,'FRANCIA');
INSERT INTO "ADMPRO"."COUNTRY" (Id,name) VALUES (155,'GEORGIA');
INSERT INTO "ADMPRO"."COUNTRY" (Id,name) VALUES (156,'GRECIA');
INSERT INTO "ADMPRO"."COUNTRY" (Id,name) VALUES (157,'HUNGRÍA');
INSERT INTO "ADMPRO"."COUNTRY" (Id,name) VALUES (158,'IRLANDA');
INSERT INTO "ADMPRO"."COUNTRY" (Id,name) VALUES (159,'ISLANDIA');
INSERT INTO "ADMPRO"."COUNTRY" (Id,name) VALUES (160,'ITALIA');
INSERT INTO "ADMPRO"."COUNTRY" (Id,name) VALUES (161,'LETONIA');
INSERT INTO "ADMPRO"."COUNTRY" (Id,name) VALUES (162,'LIECHTENSTEIN');
INSERT INTO "ADMPRO"."COUNTRY" (Id,name) VALUES (163,'LITUANIA');
INSERT INTO "ADMPRO"."COUNTRY" (Id,name) VALUES (164,'LUXEMBURGO');
INSERT INTO "ADMPRO"."COUNTRY" (Id,name) VALUES (165,'MALTA');
INSERT INTO "ADMPRO"."COUNTRY" (Id,name) VALUES (166,'MOLDAVIA');
INSERT INTO "ADMPRO"."COUNTRY" (Id,name) VALUES (167,'MÓNACO');
INSERT INTO "ADMPRO"."COUNTRY" (Id,name) VALUES (168,'MONTENEGRO');
INSERT INTO "ADMPRO"."COUNTRY" (Id,name) VALUES (169,'NORUEGA');
INSERT INTO "ADMPRO"."COUNTRY" (Id,name) VALUES (170,'PAÍSES BAJOS');
INSERT INTO "ADMPRO"."COUNTRY" (Id,name) VALUES (171,'POLONIA');
INSERT INTO "ADMPRO"."COUNTRY" (Id,name) VALUES (172,'PORTUGAL');
INSERT INTO "ADMPRO"."COUNTRY" (Id,name) VALUES (173,'REINO UNIDO');
INSERT INTO "ADMPRO"."COUNTRY" (Id,name) VALUES (174,'REPÚBLICA CHECA');
INSERT INTO "ADMPRO"."COUNTRY" (Id,name) VALUES (175,'REPÚBLICA DE MACEDONIA');
INSERT INTO "ADMPRO"."COUNTRY" (Id,name) VALUES (176,'RUMANIA');
INSERT INTO "ADMPRO"."COUNTRY" (Id,name) VALUES (177,'RUSIA');
INSERT INTO "ADMPRO"."COUNTRY" (Id,name) VALUES (178,'SAN MARINO');
INSERT INTO "ADMPRO"."COUNTRY" (Id,name) VALUES (179,'SERBIA');
INSERT INTO "ADMPRO"."COUNTRY" (Id,name) VALUES (180,'SUECIA');
INSERT INTO "ADMPRO"."COUNTRY" (Id,name) VALUES (181,'SUIZA');
INSERT INTO "ADMPRO"."COUNTRY" (Id,name) VALUES (182,'UCRANIA');
INSERT INTO "ADMPRO"."COUNTRY" (Id,name) VALUES (183,'VATICANO');
INSERT INTO "ADMPRO"."COUNTRY" (Id,name) VALUES (184,'AUSTRALIA');
INSERT INTO "ADMPRO"."COUNTRY" (Id,name) VALUES (185,'FIYI');
INSERT INTO "ADMPRO"."COUNTRY" (Id,name) VALUES (186,'ISLAS MARSHALL');
INSERT INTO "ADMPRO"."COUNTRY" (Id,name) VALUES (187,'ISLAS SALOMÓN');
INSERT INTO "ADMPRO"."COUNTRY" (Id,name) VALUES (188,'KIRIBATI');
INSERT INTO "ADMPRO"."COUNTRY" (Id,name) VALUES (189,'MICRONESIA');
INSERT INTO "ADMPRO"."COUNTRY" (Id,name) VALUES (190,'NAURU');
INSERT INTO "ADMPRO"."COUNTRY" (Id,name) VALUES (191,'NUEVA ZELANDA');
INSERT INTO "ADMPRO"."COUNTRY" (Id,name) VALUES (192,'PALAOS');
INSERT INTO "ADMPRO"."COUNTRY" (Id,name) VALUES (193,'PAPÚA NUEVA GUINEA');
INSERT INTO "ADMPRO"."COUNTRY" (Id,name) VALUES (194,'SAMOA');
INSERT INTO "ADMPRO"."COUNTRY" (Id,name) VALUES (195,'TONGA');
INSERT INTO "ADMPRO"."COUNTRY" (Id,name) VALUES (196,'TUVALU');
INSERT INTO "ADMPRO"."COUNTRY" (Id,name) VALUES (197,'VANUATU');
--Paises 0 - 197

--Ciudades

INSERT INTO "ADMPRO"."CITY" (Id,name,country) VALUES (0,'LUANDA',0);
INSERT INTO "ADMPRO"."CITY" (Id,name,country) VALUES (1,'ARGEL',1);
INSERT INTO "ADMPRO"."CITY" (Id,name,country) VALUES (2,'PORTO-NOVO',2);
INSERT INTO "ADMPRO"."CITY" (Id,name,country) VALUES (3,'GABERONES',3);
INSERT INTO "ADMPRO"."CITY" (Id,name,country) VALUES (4,'UAGADUGÚ',4);
INSERT INTO "ADMPRO"."CITY" (Id,name,country) VALUES (5,'BUYUMBURA',5);
INSERT INTO "ADMPRO"."CITY" (Id,name,country) VALUES (6,'PRAIA',6);
INSERT INTO "ADMPRO"."CITY" (Id,name,country) VALUES (7,'YAUNDÉ',7);
INSERT INTO "ADMPRO"."CITY" (Id,name,country) VALUES (8,'YAMENA',8);
INSERT INTO "ADMPRO"."CITY" (Id,name,country) VALUES (9,'MORONI',9);
INSERT INTO "ADMPRO"."CITY" (Id,name,country) VALUES (10,'YAMUSUKRO',10);
INSERT INTO "ADMPRO"."CITY" (Id,name,country) VALUES (11,'EL CAIRO',11);
INSERT INTO "ADMPRO"."CITY" (Id,name,country) VALUES (12,'ASMARA',12);
INSERT INTO "ADMPRO"."CITY" (Id,name,country) VALUES (13,'ADÍS ABEBA',13);
INSERT INTO "ADMPRO"."CITY" (Id,name,country) VALUES (14,'LIBREVILLE',14);
INSERT INTO "ADMPRO"."CITY" (Id,name,country) VALUES (15,'BANJUL',15);
INSERT INTO "ADMPRO"."CITY" (Id,name,country) VALUES (16,'ACCRA',16);
INSERT INTO "ADMPRO"."CITY" (Id,name,country) VALUES (17,'CONAKRY',17);
INSERT INTO "ADMPRO"."CITY" (Id,name,country) VALUES (18,'MALABO',18);
INSERT INTO "ADMPRO"."CITY" (Id,name,country) VALUES (19,'BISSAU',19);
INSERT INTO "ADMPRO"."CITY" (Id,name,country) VALUES (20,'NAIROBI',20);
INSERT INTO "ADMPRO"."CITY" (Id,name,country) VALUES (21,'MASERU',21);
INSERT INTO "ADMPRO"."CITY" (Id,name,country) VALUES (22,'MONROVIA',22);
INSERT INTO "ADMPRO"."CITY" (Id,name,country) VALUES (23,'TRÍPOLI',23);
INSERT INTO "ADMPRO"."CITY" (Id,name,country) VALUES (24,'ANTANANARIVO',24);
INSERT INTO "ADMPRO"."CITY" (Id,name,country) VALUES (25,'LILONGÜE',25);
INSERT INTO "ADMPRO"."CITY" (Id,name,country) VALUES (26,'BAMAKO',26);
INSERT INTO "ADMPRO"."CITY" (Id,name,country) VALUES (27,'RABAT',27);
INSERT INTO "ADMPRO"."CITY" (Id,name,country) VALUES (28,'PORT LOUIS',28);
INSERT INTO "ADMPRO"."CITY" (Id,name,country) VALUES (29,'NUAKCHOT',29);
INSERT INTO "ADMPRO"."CITY" (Id,name,country) VALUES (30,'MAPUTO',30);
INSERT INTO "ADMPRO"."CITY" (Id,name,country) VALUES (31,'WINDHOEK',31);
INSERT INTO "ADMPRO"."CITY" (Id,name,country) VALUES (32,'NIAMEY',32);
INSERT INTO "ADMPRO"."CITY" (Id,name,country) VALUES (33,'ABUYA',33);
INSERT INTO "ADMPRO"."CITY" (Id,name,country) VALUES (34,'BANGUI',34);
INSERT INTO "ADMPRO"."CITY" (Id,name,country) VALUES (35,'BRAZZAVILLE',35);
INSERT INTO "ADMPRO"."CITY" (Id,name,country) VALUES (36,'KINSHASA',36);
INSERT INTO "ADMPRO"."CITY" (Id,name,country) VALUES (37,'EL AAIÚN',37);
INSERT INTO "ADMPRO"."CITY" (Id,name,country) VALUES (38,'KIGALI',38);
INSERT INTO "ADMPRO"."CITY" (Id,name,country) VALUES (39,'SANTO TOMÉ',39);
INSERT INTO "ADMPRO"."CITY" (Id,name,country) VALUES (40,'DAKAR',40);
INSERT INTO "ADMPRO"."CITY" (Id,name,country) VALUES (41,'VICTORIA',41);
INSERT INTO "ADMPRO"."CITY" (Id,name,country) VALUES (42,'FREETOWN',42);
INSERT INTO "ADMPRO"."CITY" (Id,name,country) VALUES (43,'MOGADISCIO',43);
INSERT INTO "ADMPRO"."CITY" (Id,name,country) VALUES (44,'MBABANE',44);
INSERT INTO "ADMPRO"."CITY" (Id,name,country) VALUES (45,'CIUDAD DEL CABO',45);
INSERT INTO "ADMPRO"."CITY" (Id,name,country) VALUES (46,'JARTUM',46);
INSERT INTO "ADMPRO"."CITY" (Id,name,country) VALUES (47,'YUBA',47);
INSERT INTO "ADMPRO"."CITY" (Id,name,country) VALUES (48,'DODOMA',48);
INSERT INTO "ADMPRO"."CITY" (Id,name,country) VALUES (49,'LOMÉ',49);
INSERT INTO "ADMPRO"."CITY" (Id,name,country) VALUES (50,'TÚNEZ',50);
INSERT INTO "ADMPRO"."CITY" (Id,name,country) VALUES (51,'KAMPALA',51);
INSERT INTO "ADMPRO"."CITY" (Id,name,country) VALUES (52,'YIBUTI',52);
INSERT INTO "ADMPRO"."CITY" (Id,name,country) VALUES (53,'LUSAKA',53);
INSERT INTO "ADMPRO"."CITY" (Id,name,country) VALUES (54,'HARARE',54);
INSERT INTO "ADMPRO"."CITY" (Id,name,country) VALUES (55,'SAINT JOHN',55);
INSERT INTO "ADMPRO"."CITY" (Id,name,country) VALUES (56,'BUENOS AIRES',56);
INSERT INTO "ADMPRO"."CITY" (Id,name,country) VALUES (57,'NASSAU',57);
INSERT INTO "ADMPRO"."CITY" (Id,name,country) VALUES (58,'BRIDGETOWN',58);
INSERT INTO "ADMPRO"."CITY" (Id,name,country) VALUES (59,'BELMOPÁN',59);
INSERT INTO "ADMPRO"."CITY" (Id,name,country) VALUES (60,'SUCRE, LA PAZ',60);
INSERT INTO "ADMPRO"."CITY" (Id,name,country) VALUES (61,'BRASILIA',61);
INSERT INTO "ADMPRO"."CITY" (Id,name,country) VALUES (62,'OTTAWA',62);
INSERT INTO "ADMPRO"."CITY" (Id,name,country) VALUES (63,'SANTIAGO DE CHILE',63);
INSERT INTO "ADMPRO"."CITY" (Id,name,country) VALUES (64,'BOGOTÁ',64);
INSERT INTO "ADMPRO"."CITY" (Id,name,country) VALUES (65,'SAN JOSÉ',65);
INSERT INTO "ADMPRO"."CITY" (Id,name,country) VALUES (66,'LA HABANA',66);
INSERT INTO "ADMPRO"."CITY" (Id,name,country) VALUES (67,'ROSEAU',67);
INSERT INTO "ADMPRO"."CITY" (Id,name,country) VALUES (68,'QUITO',68);
INSERT INTO "ADMPRO"."CITY" (Id,name,country) VALUES (69,'SAN SALVADOR',69);
INSERT INTO "ADMPRO"."CITY" (Id,name,country) VALUES (70,'WASHINGTON D. C.',70);
INSERT INTO "ADMPRO"."CITY" (Id,name,country) VALUES (71,'SAINT GEORGE',71);
INSERT INTO "ADMPRO"."CITY" (Id,name,country) VALUES (72,'CIUDAD DE GUATEMALA',72);
INSERT INTO "ADMPRO"."CITY" (Id,name,country) VALUES (73,'GEORGETOWN',73);
INSERT INTO "ADMPRO"."CITY" (Id,name,country) VALUES (74,'PUERTO PRÍNCIPE',74);
INSERT INTO "ADMPRO"."CITY" (Id,name,country) VALUES (75,'TEGUCIGALPA',75);
INSERT INTO "ADMPRO"."CITY" (Id,name,country) VALUES (76,'KINGSTON',76);
INSERT INTO "ADMPRO"."CITY" (Id,name,country) VALUES (77,'MÉXICO D. F.',77);
INSERT INTO "ADMPRO"."CITY" (Id,name,country) VALUES (78,'MANAGUA',78);
INSERT INTO "ADMPRO"."CITY" (Id,name,country) VALUES (79,'CIUDAD DE PANAMÁ',79);
INSERT INTO "ADMPRO"."CITY" (Id,name,country) VALUES (80,'ASUNCIÓN',80);
INSERT INTO "ADMPRO"."CITY" (Id,name,country) VALUES (81,'LIMA',81);
INSERT INTO "ADMPRO"."CITY" (Id,name,country) VALUES (82,'SAN JUAN',82);
INSERT INTO "ADMPRO"."CITY" (Id,name,country) VALUES (83,'SANTO DOMINGO',83);
INSERT INTO "ADMPRO"."CITY" (Id,name,country) VALUES (84,'BASSETERRE',84);
INSERT INTO "ADMPRO"."CITY" (Id,name,country) VALUES (85,'KINGSTOWN',85);
INSERT INTO "ADMPRO"."CITY" (Id,name,country) VALUES (86,'CASTRIES',86);
INSERT INTO "ADMPRO"."CITY" (Id,name,country) VALUES (87,'PARAMARIBO',87);
INSERT INTO "ADMPRO"."CITY" (Id,name,country) VALUES (88,'PUERTO ESPAÑA',88);
INSERT INTO "ADMPRO"."CITY" (Id,name,country) VALUES (89,'MONTEVIDEO',89);
INSERT INTO "ADMPRO"."CITY" (Id,name,country) VALUES (90,'CARACAS',90);
INSERT INTO "ADMPRO"."CITY" (Id,name,country) VALUES (91,'KABUL',91);
INSERT INTO "ADMPRO"."CITY" (Id,name,country) VALUES (92,'RIAD',92);
INSERT INTO "ADMPRO"."CITY" (Id,name,country) VALUES (93,'DACA',93);
INSERT INTO "ADMPRO"."CITY" (Id,name,country) VALUES (94,'MANAMÁ',94);
INSERT INTO "ADMPRO"."CITY" (Id,name,country) VALUES (95,'BANDAR SERI BEGAWAN',95);
INSERT INTO "ADMPRO"."CITY" (Id,name,country) VALUES (96,'TIMBU',96);
INSERT INTO "ADMPRO"."CITY" (Id,name,country) VALUES (97,'PNON PEHN',97);
INSERT INTO "ADMPRO"."CITY" (Id,name,country) VALUES (98,'DOHA',98);
INSERT INTO "ADMPRO"."CITY" (Id,name,country) VALUES (99,'PEKÍN',99);
INSERT INTO "ADMPRO"."CITY" (Id,name,country) VALUES (100,'NICOSIA',100);
INSERT INTO "ADMPRO"."CITY" (Id,name,country) VALUES (101,'PYONGYANG',101);
INSERT INTO "ADMPRO"."CITY" (Id,name,country) VALUES (102,'SEÚL',102);
INSERT INTO "ADMPRO"."CITY" (Id,name,country) VALUES (103,'ABU DABI',103);
INSERT INTO "ADMPRO"."CITY" (Id,name,country) VALUES (104,'MANILA',104);
INSERT INTO "ADMPRO"."CITY" (Id,name,country) VALUES (105,'NUEVA DELHI',105);
INSERT INTO "ADMPRO"."CITY" (Id,name,country) VALUES (106,'YAKARTA',106);
INSERT INTO "ADMPRO"."CITY" (Id,name,country) VALUES (107,'TEHERÁN',107);
INSERT INTO "ADMPRO"."CITY" (Id,name,country) VALUES (108,'BAGDAD',108);
INSERT INTO "ADMPRO"."CITY" (Id,name,country) VALUES (109,'JERUSALÉN',109);
INSERT INTO "ADMPRO"."CITY" (Id,name,country) VALUES (110,'TOKIO',110);
INSERT INTO "ADMPRO"."CITY" (Id,name,country) VALUES (111,'AMMÁN',111);
INSERT INTO "ADMPRO"."CITY" (Id,name,country) VALUES (112,'ASTANÁ',112);
INSERT INTO "ADMPRO"."CITY" (Id,name,country) VALUES (113,'BISKEK',113);
INSERT INTO "ADMPRO"."CITY" (Id,name,country) VALUES (114,'CIUDAD DE KUWAIT',114);
INSERT INTO "ADMPRO"."CITY" (Id,name,country) VALUES (115,'VIENTIÁN',115);
INSERT INTO "ADMPRO"."CITY" (Id,name,country) VALUES (116,'BEIRUT',116);
INSERT INTO "ADMPRO"."CITY" (Id,name,country) VALUES (117,'KUALA LUMPUR',117);
INSERT INTO "ADMPRO"."CITY" (Id,name,country) VALUES (118,'MALÉ',118);
INSERT INTO "ADMPRO"."CITY" (Id,name,country) VALUES (119,'ULAN BATOR',119);
INSERT INTO "ADMPRO"."CITY" (Id,name,country) VALUES (120,'NAYPYIDAW',120);
INSERT INTO "ADMPRO"."CITY" (Id,name,country) VALUES (121,'KATMANDÚ',121);
INSERT INTO "ADMPRO"."CITY" (Id,name,country) VALUES (122,'MASCATE',122);
INSERT INTO "ADMPRO"."CITY" (Id,name,country) VALUES (123,'ISLAMABAD',123);
INSERT INTO "ADMPRO"."CITY" (Id,name,country) VALUES (124,'RAMALA',124);
INSERT INTO "ADMPRO"."CITY" (Id,name,country) VALUES (125,'SINGAPUR',125);
INSERT INTO "ADMPRO"."CITY" (Id,name,country) VALUES (126,'DAMASCO',126);
INSERT INTO "ADMPRO"."CITY" (Id,name,country) VALUES (127,'COLOMBO',127);
INSERT INTO "ADMPRO"."CITY" (Id,name,country) VALUES (128,'BANGKOK',128);
INSERT INTO "ADMPRO"."CITY" (Id,name,country) VALUES (129,'TAIPEH',129);
INSERT INTO "ADMPRO"."CITY" (Id,name,country) VALUES (130,'DUSAMBÉ',130);
INSERT INTO "ADMPRO"."CITY" (Id,name,country) VALUES (131,'DILI',131);
INSERT INTO "ADMPRO"."CITY" (Id,name,country) VALUES (132,'ASJABAD',132);
INSERT INTO "ADMPRO"."CITY" (Id,name,country) VALUES (133,'ANKARA',133);
INSERT INTO "ADMPRO"."CITY" (Id,name,country) VALUES (134,'TASHKENT',134);
INSERT INTO "ADMPRO"."CITY" (Id,name,country) VALUES (135,'HANOI',135);
INSERT INTO "ADMPRO"."CITY" (Id,name,country) VALUES (136,'SANÁ',136);
INSERT INTO "ADMPRO"."CITY" (Id,name,country) VALUES (137,'TIRANA',137);
INSERT INTO "ADMPRO"."CITY" (Id,name,country) VALUES (138,'BERLÍN',138);
INSERT INTO "ADMPRO"."CITY" (Id,name,country) VALUES (139,'ANDORRA LA VIEJA',139);
INSERT INTO "ADMPRO"."CITY" (Id,name,country) VALUES (140,'EREVÁN',140);
INSERT INTO "ADMPRO"."CITY" (Id,name,country) VALUES (141,'VIENA',141);
INSERT INTO "ADMPRO"."CITY" (Id,name,country) VALUES (142,'BAKÚ',142);
INSERT INTO "ADMPRO"."CITY" (Id,name,country) VALUES (143,'BRUSELAS',143);
INSERT INTO "ADMPRO"."CITY" (Id,name,country) VALUES (144,'MINSK',144);
INSERT INTO "ADMPRO"."CITY" (Id,name,country) VALUES (145,'SARAJEVO',145);
INSERT INTO "ADMPRO"."CITY" (Id,name,country) VALUES (146,'SOFÍA',146);
INSERT INTO "ADMPRO"."CITY" (Id,name,country) VALUES (147,'ZAGREB',147);
INSERT INTO "ADMPRO"."CITY" (Id,name,country) VALUES (148,'COPENHAGUE',148);
INSERT INTO "ADMPRO"."CITY" (Id,name,country) VALUES (149,'BRATISLAVA',149);
INSERT INTO "ADMPRO"."CITY" (Id,name,country) VALUES (150,'LUBLIJANA',150);
INSERT INTO "ADMPRO"."CITY" (Id,name,country) VALUES (151,'MADRID',151);
INSERT INTO "ADMPRO"."CITY" (Id,name,country) VALUES (152,'TALLÍN',152);
INSERT INTO "ADMPRO"."CITY" (Id,name,country) VALUES (153,'HELSINKI',153);
INSERT INTO "ADMPRO"."CITY" (Id,name,country) VALUES (154,'PARÍS',154);
INSERT INTO "ADMPRO"."CITY" (Id,name,country) VALUES (155,'TIFLIS',155);
INSERT INTO "ADMPRO"."CITY" (Id,name,country) VALUES (156,'ATENAS',156);
INSERT INTO "ADMPRO"."CITY" (Id,name,country) VALUES (157,'BUDAPEST',157);
INSERT INTO "ADMPRO"."CITY" (Id,name,country) VALUES (158,'DUBLÍN',158);
INSERT INTO "ADMPRO"."CITY" (Id,name,country) VALUES (159,'REIKIAVIK',159);
INSERT INTO "ADMPRO"."CITY" (Id,name,country) VALUES (160,'ROMA',160);
INSERT INTO "ADMPRO"."CITY" (Id,name,country) VALUES (161,'RIGA',161);
INSERT INTO "ADMPRO"."CITY" (Id,name,country) VALUES (162,'VADUZ',162);
INSERT INTO "ADMPRO"."CITY" (Id,name,country) VALUES (163,'VILNA',163);
INSERT INTO "ADMPRO"."CITY" (Id,name,country) VALUES (164,'LUXEMBURGO',164);
INSERT INTO "ADMPRO"."CITY" (Id,name,country) VALUES (165,'LA VALETA',165);
INSERT INTO "ADMPRO"."CITY" (Id,name,country) VALUES (166,'CHISINAU',166);
INSERT INTO "ADMPRO"."CITY" (Id,name,country) VALUES (167,'MÓNACO',167);
INSERT INTO "ADMPRO"."CITY" (Id,name,country) VALUES (168,'PODGORICA',168);
INSERT INTO "ADMPRO"."CITY" (Id,name,country) VALUES (169,'OSLO',169);
INSERT INTO "ADMPRO"."CITY" (Id,name,country) VALUES (170,'AMSTERDAM',170);
INSERT INTO "ADMPRO"."CITY" (Id,name,country) VALUES (171,'VARSOVIA',171);
INSERT INTO "ADMPRO"."CITY" (Id,name,country) VALUES (172,'LISBOA',172);
INSERT INTO "ADMPRO"."CITY" (Id,name,country) VALUES (173,'LONDRES',173);
INSERT INTO "ADMPRO"."CITY" (Id,name,country) VALUES (174,'PRAGA',174);
INSERT INTO "ADMPRO"."CITY" (Id,name,country) VALUES (175,'SKOPJE',175);
INSERT INTO "ADMPRO"."CITY" (Id,name,country) VALUES (176,'BUCAREST',176);
INSERT INTO "ADMPRO"."CITY" (Id,name,country) VALUES (177,'MOSCÚ',177);
INSERT INTO "ADMPRO"."CITY" (Id,name,country) VALUES (178,'CIUDAD DE SAN MARINO',178);
INSERT INTO "ADMPRO"."CITY" (Id,name,country) VALUES (179,'BELGRADO',179);
INSERT INTO "ADMPRO"."CITY" (Id,name,country) VALUES (180,'ESTOCOLMO',180);
INSERT INTO "ADMPRO"."CITY" (Id,name,country) VALUES (181,'BERNA',181);
INSERT INTO "ADMPRO"."CITY" (Id,name,country) VALUES (182,'KIEV',182);
INSERT INTO "ADMPRO"."CITY" (Id,name,country) VALUES (183,'CIUDAD DEL VATICANO',183);
INSERT INTO "ADMPRO"."CITY" (Id,name,country) VALUES (184,'CANBERRA',184);
INSERT INTO "ADMPRO"."CITY" (Id,name,country) VALUES (185,'SUVA',185);
INSERT INTO "ADMPRO"."CITY" (Id,name,country) VALUES (186,'MAJURO',186);
INSERT INTO "ADMPRO"."CITY" (Id,name,country) VALUES (187,'HONIARA',187);
INSERT INTO "ADMPRO"."CITY" (Id,name,country) VALUES (188,'TARAWA',188);
INSERT INTO "ADMPRO"."CITY" (Id,name,country) VALUES (189,'PALIKIR',189);
INSERT INTO "ADMPRO"."CITY" (Id,name,country) VALUES (190,'YAREN',190);
INSERT INTO "ADMPRO"."CITY" (Id,name,country) VALUES (191,'WELLINGTON',191);
INSERT INTO "ADMPRO"."CITY" (Id,name,country) VALUES (192,'MELEKEOK',192);
INSERT INTO "ADMPRO"."CITY" (Id,name,country) VALUES (193,'PORT MORESBY',193);
INSERT INTO "ADMPRO"."CITY" (Id,name,country) VALUES (194,'APIA',194);
INSERT INTO "ADMPRO"."CITY" (Id,name,country) VALUES (195,'NUKU ALOFA',195);
INSERT INTO "ADMPRO"."CITY" (Id,name,country) VALUES (196,'FUNAFUTI',196);
INSERT INTO "ADMPRO"."CITY" (Id,name,country) VALUES (197,'PORT VILA',197);

--Ciudades 0 - 197

--Transportes

INSERT INTO "ADMPRO"."TRANSPORT" (Id,name,cost) VALUES (0 ,'Bolivariano 1',50000);
INSERT INTO "ADMPRO"."TRANSPORT" (Id,name,cost) VALUES (1 ,'Bolivariano 2',100000);

INSERT INTO "ADMPRO"."TRANSPORT" (Id,name,cost) VALUES (2 ,'Avianca 1',50000);
INSERT INTO "ADMPRO"."TRANSPORT" (Id,name,cost) VALUES (3 ,'Avianca 2',100000);

INSERT INTO "ADMPRO"."TRANSPORT" (Id,name,cost) VALUES (4 ,'AA 1',50000);
INSERT INTO "ADMPRO"."TRANSPORT" (Id,name,cost) VALUES (5 ,'AA 2',100000);
--Transportes 0 - 5

--Hospedaje


INSERT INTO "ADMPRO"."LODGING" (Id,name,cost) VALUES (0 'Hilton 1',200000)
INSERT INTO "ADMPRO"."LODGING" (Id,name,cost) VALUES (1,'Hilton 2',500000)

INSERT INTO "ADMPRO"."LODGING" (Id,name,cost) VALUES (2 ,'Dann 1',200000)
INSERT INTO "ADMPRO"."LODGING" (Id,name,cost) VALUES (3 ,'Dann 2',500000)
--Hospedaje 0 - 3

-- Espectaculo

INSERT INTO "ADMPRO"."SPECTACLE" (Id,name,cost) VALUES (0 ,'Tu boleta Partido 1',70000);
INSERT INTO "ADMPRO"."SPECTACLE" (Id,name,cost) VALUES (1 ,'Tu boleta Partido 2',20000);
INSERT INTO "ADMPRO"."SPECTACLE" (Id,name,cost) VALUES (2 ,'Tu boleta Partido 3',30000);
INSERT INTO "ADMPRO"."SPECTACLE" (Id,name,cost) VALUES (3 ,'Tu boleta Partido 4',100000);
INSERT INTO "ADMPRO"."SPECTACLE" (Id,name,cost) VALUES (4 ,'Tu boleta Partido 5',10000);



--Productos

--creacion y execucion de procedimiento
truncate table ADMPRO.PRODUCT
DROP PROCEDURE ADMPRO.LlenarProductos

CREATE PROCEDURE ADMPRO.LlenarProductos      
@inicio int = NULL,
@fin int = NULL
AS   
DECLARE @intFlag INT
SET @intFlag = @inicio
WHILE (@intFlag < @fin)
BEGIN
declare @DateStart	Date = '2018-01-01'
declare @DateEnd	Date = '2019-12-31'
declare @SpecDate Date = DateAdd(Day, Rand() * DateDiff(Day, @DateStart, @DateEnd), @DateStart)
declare @ArrivalDate Date = DateAdd(Day, - ROUND(((10 - 1 -1) * RAND() + 1), 0) ,@SpecDate)
declare @DeptDate Date = DateAdd(Day, ROUND(((10 - 1 -1) * RAND() + 1), 0), @SpecDate)
INSERT INTO "ADMPRO"."PRODUCT" (Id,name,spectacle_date,arrival_date,departure_date,transport_type,spectacle_type,lodging_type,description,code,image_ref,source_city,target_city) VALUES 
(@intFlag , CONCAT('Producto No.', @intFlag , ' de toures'),@SpecDate,@ArrivalDate,
@DeptDate,ROUND(((5 - 0 -1) * RAND() + 0), 0),ROUND(((4 - 0 -1) * RAND() + 0), 0),ROUND(((3 - 0 -1) * RAND() + 0), 0),CONCAT('Descripcion producto No.', @intFlag , ' de toures'),
CONCAT('10010', @intFlag ),CONCAT('/FotosProductos/', ROUND(((715 - 1 -1) * RAND() + 1), 0) ,'.jpeg'),
ROUND(((197 - 0 -1) * RAND() + 0), 0),
ROUND(((197 - 0 -1) * RAND() + 0), 0))
SET @intFlag = @intFlag + 1
END
GO


exec ADMPRO.LlenarProductos @inicio = 700001 , @fin = 800000
GO




select count(*) from ADMPRO.PRODUCT



DROP PROCEDURE ADMPRO.UpdateIpImagen

CREATE PROCEDURE ADMPRO.UpdateIpImagen      
AS   
UPDATE ADMPRO.PRODUCT
SET image_ref = REPLACE(image_ref, 'localhost', '127.0.0.1')
GO
exec ADMPRO.UpdateIpImagen
GO
